{
  "train_loss": [
    3.694899875627941,
    1.344138181309009,
    0.789452447073303
  ],
  "val_loss": [
    1.6689288537867748,
    0.8108752922420084,
    0.4282403137997119
  ],
  "learning_rate": [
    0.0002,
    0.0002,
    0.0002
  ],
  "epoch": [
    0,
    1,
    2
  ],
  "epoch_time": [
    635.8989644050598,
    560.0107183456421,
    1272.91082406044
  ],
  "total_time": [
    663.6812741756439,
    1224.1301443576813,
    2497.4213359355927
  ]
}