{
  "train_loss": [
    3.889313279028605,
    1.9328520173698323,
    1.2778081997094737,
    1.0787776814884389,
    0.9346497588722003,
    0.8720160286574468,
    0.8347763934554348,
    0.8106833024336971,
    0.7942385675542919,
    0.7844180406631593,
    0.7764536287476298,
    0.7648008484257399,
    0.7606626677407463,
    0.7522020544915055,
    0.7404117750642943,
    0.7426411737770433,
    0.7424196370482072,
    0.743865362033481,
    0.7344254270833028,
    0.7274628170650371,
    0.7267802601157687,
    0.7242620764795508,
    0.7252200394247321,
    0.7288447881702089,
    0.7220187692808782,
    0.7261750536958169,
    0.7270075437827453,
    0.7293795383417818,
    0.7271106858447396,
    0.7250856628352087,
    0.7288769633820954,
    0.7193415859350945,
    0.657415506986433,
    0.6425797741965035,
    0.6374671970250335,
    0.6409787800438834,
    0.6445945621593404,
    0.6474793484207239,
    0.6525047739678305,
    0.6522452041460153,
    0.6620259769610494,
    0.6705232477815855,
    0.6771390994037652,
    0.6869280633979843,
    0.6900878621496424,
    0.6994943392693188,
    0.6887031058480767,
    0.6863594027983881,
    0.6816482362148039,
    0.6813164555678403,
    0.6796770203660502,
    0.678527712247046,
    0.6765026665050866,
    0.6811979347305825,
    0.6829094181344209,
    0.6838854457309025,
    0.6832647950265156,
    0.6815734464010929,
    0.6784364545680932,
    0.6810296462990569
  ],
  "val_loss": [
    2.49282316221808,
    1.2222474127137748,
    0.9646731988139396,
    0.7813735241546248,
    0.700001981027805,
    0.6571727123682516,
    0.632351215901601,
    0.6061213622345542,
    0.5992941878681636,
    0.6025207206933167,
    0.5912759416621097,
    0.573233433502869,
    0.5691352225024334,
    0.5670471320839694,
    0.5479284211666915,
    0.5592592950828754,
    0.5503824723571756,
    0.5497189949463753,
    0.5543531015189025,
    0.5466435997590532,
    0.5307709767218054,
    0.5350729068809182,
    0.5539572205748001,
    0.5348932565781321,
    0.5385377698027305,
    0.555569300414437,
    0.5456857009634485,
    0.5422825944902253,
    0.5373486457732473,
    0.5361406586683579,
    0.5315754581106841,
    0.5329146681584581,
    0.48452238259959396,
    0.479292569967517,
    0.4745235719384938,
    0.4808042016777679,
    0.4825424868477522,
    0.48521592119966983,
    0.4909620240983302,
    0.4927914026227311,
    0.5004652747816413,
    0.5058419319399952,
    0.5148942737574995,
    0.5203117419333354,
    0.5252261352147499,
    0.5388779155094258,
    0.5242167219084545,
    0.522753390789467,
    0.5182081308134281,
    0.5179227662347529,
    0.518561453986777,
    0.5199391153933358,
    0.5180651125137823,
    0.5201490569288714,
    0.5213895458592116,
    0.5219060427842349,
    0.5187312238951669,
    0.520149309052168,
    0.5197964425395875,
    0.5200880019769182
  ],
  "learning_rate": [
    9.193029126016327e-05,
    9.193029126016327e-05,
    9.193029126016327e-05,
    9.193029126016327e-05,
    9.193029126016327e-05,
    9.193029126016327e-05,
    9.193029126016327e-05,
    9.193029126016327e-05,
    9.193029126016327e-05,
    9.193029126016327e-05,
    9.193029126016327e-05,
    9.193029126016327e-05,
    9.193029126016327e-05,
    9.193029126016327e-05,
    9.193029126016327e-05,
    9.193029126016327e-05,
    9.193029126016327e-05,
    9.193029126016327e-05,
    9.193029126016327e-05,
    9.193029126016327e-05,
    9.193029126016327e-05,
    9.193029126016327e-05,
    9.193029126016327e-05,
    9.193029126016327e-05,
    9.193029126016327e-05,
    9.193029126016327e-05,
    9.193029126016327e-05,
    9.193029126016327e-05,
    9.193029126016327e-05,
    9.193029126016327e-05,
    9.193029126016327e-05,
    9.193029126016327e-05,
    1.8386058252032656e-05,
    1.8386058252032656e-05,
    1.8386058252032656e-05,
    1.8386058252032656e-05,
    1.8386058252032656e-05,
    1.8386058252032656e-05,
    1.8386058252032656e-05,
    1.8386058252032656e-05,
    1.8386058252032656e-05,
    1.8386058252032656e-05,
    1.8386058252032656e-05,
    1.8386058252032656e-05,
    1.8386058252032656e-05,
    1.8386058252032656e-05,
    3.6772116504065316e-06,
    3.6772116504065316e-06,
    3.6772116504065316e-06,
    3.6772116504065316e-06,
    3.6772116504065316e-06,
    3.6772116504065316e-06,
    3.6772116504065316e-06,
    3.6772116504065316e-06,
    3.6772116504065316e-06,
    3.6772116504065316e-06,
    3.6772116504065316e-06,
    7.354423300813064e-07,
    7.354423300813064e-07,
    7.354423300813064e-07
  ],
  "epoch": [
    0,
    1,
    2,
    3,
    4,
    5,
    6,
    7,
    8,
    9,
    10,
    11,
    12,
    13,
    14,
    15,
    16,
    17,
    18,
    19,
    20,
    21,
    22,
    23,
    24,
    25,
    26,
    27,
    28,
    29,
    30,
    31,
    32,
    33,
    34,
    35,
    36,
    37,
    38,
    39,
    40,
    41,
    42,
    43,
    44,
    45,
    46,
    47,
    48,
    49,
    50,
    51,
    52,
    53,
    54,
    55,
    56,
    57,
    58,
    59
  ],
  "epoch_time": [
    277.9305109977722,
    236.73035740852356,
    240.57415080070496,
    246.95605206489563,
    250.1832137107849,
    249.420645236969,
    249.14103412628174,
    249.45294642448425,
    250.58210349082947,
    246.32738828659058,
    248.06345868110657,
    247.20241975784302,
    246.2179639339447,
    244.70872044563293,
    247.0902817249298,
    244.28230738639832,
    244.74582862854004,
    248.70501327514648,
    247.00521779060364,
    244.0831217765808,
    237.05797910690308,
    239.88191032409668,
    239.323233127594,
    244.64420223236084,
    244.9012427330017,
    259.32035183906555,
    248.0961034297943,
    237.0163218975067,
    246.69328355789185,
    248.5345447063446,
    251.90391850471497,
    245.69708800315857,
    251.81503200531006,
    253.04584741592407,
    243.4123375415802,
    243.43178844451904,
    245.24176740646362,
    239.32936549186707,
    238.32738876342773,
    235.69824862480164,
    237.70389533042908,
    232.81203246116638,
    230.7447590827942,
    232.27950596809387,
    232.6728274822235,
    234.60473370552063,
    239.709645986557,
    247.62778306007385,
    241.06410837173462,
    239.3774926662445,
    240.79101371765137,
    245.91738939285278,
    243.15684580802917,
    241.03548574447632,
    248.32406306266785,
    248.86393404006958,
    242.82202172279358,
    241.6679573059082,
    243.8141872882843,
    240.2630226612091
  ],
  "total_time": [
    303.81865787506104,
    540.9076449871063,
    781.7758538722992,
    1029.0845251083374,
    1279.5852918624878,
    1529.3505458831787,
    1779.1443569660187,
    2028.905303478241,
    2279.7995660305023,
    2526.4644124507904,
    2774.7406001091003,
    3022.248131275177,
    3268.758661031723,
    3513.895042181015,
    3761.3242151737213,
    4005.9264798164368,
    4250.88631606102,
    4499.860034704208,
    4747.086385965347,
    4991.421366691589,
    5228.9389016628265,
    5469.147732257843,
    5708.669782876968,
    5953.521363019943,
    6198.6470313072205,
    6458.178250074387,
    6706.509736061096,
    6943.874373674393,
    7190.7914962768555,
    7439.544845819473,
    7691.678098201752,
    7937.597064256668,
    8189.6328756809235,
    8443.007788658142,
    8686.714697122574,
    8930.631444215775,
    9176.134139060974,
    9415.71442747116,
    9654.26799941063,
    9890.193574905396,
    10128.130797624588,
    10361.279374361038,
    10592.234245538712,
    10824.720764875412,
    11057.60674905777,
    11292.429788589478,
    11532.37497138977,
    11780.215806722641,
    12021.499306678772,
    12261.109871149063,
    12502.117926597595,
    12748.260703325272,
    12991.639024734497,
    13232.894383907318,
    13481.429398298264,
    13730.683932065964,
    13973.742425441742,
    14215.644731521606,
    14459.668516159058,
    14700.15840768814
  ]
}