{
  "train_loss": [
    82.48701423151773,
    11.344457592034365,
    11.319611090937546,
    11.30673802657222,
    11.290779452875832,
    11.264514485041964,
    11.257381846932102,
    11.262129895505616,
    11.26492176563076,
    11.265864908757374,
    11.265046396643328,
    11.265943970744877,
    11.233776472905133,
    11.23493352697092,
    11.239107725145422,
    11.243401066975997,
    11.247730970134079,
    11.25137159051189,
    11.254697890674484,
    11.257774412196918,
    11.25984395159422,
    11.260848094574229,
    11.260573477640639,
    11.25138031628383,
    11.25124711363855,
    11.251651363651249,
    11.252248771496436
  ],
  "val_loss": [
    11.379274385688948,
    11.378721700097522,
    11.41910958116072,
    11.448493111742675,
    11.552429642990559,
    11.62946692696453,
    11.606994804674692,
    11.59179096674397,
    11.580337644493493,
    11.597968179814137,
    11.573553379434738,
    11.619840012849682,
    11.6393556560043,
    11.618885325689385,
    11.59699578876913,
    11.577442421530286,
    11.559900052356024,
    11.545915504441645,
    11.533158596414719,
    11.523505894807133,
    11.517887526184973,
    11.51800018157402,
    11.523784969844957,
    11.527178115218225,
    11.52596594817447,
    11.523555713848475,
    11.520355522197528
  ],
  "learning_rate": [
    1.3427780822422795e-05,
    1.3427780822422795e-05,
    1.3427780822422795e-05,
    1.3427780822422795e-05,
    1.3427780822422795e-05,
    1.3427780822422795e-05,
    1.3427780822422795e-05,
    1.3427780822422795e-05,
    1.3427780822422795e-05,
    1.3427780822422795e-05,
    1.3427780822422795e-05,
    1.3427780822422795e-05,
    2.685556164484559e-06,
    2.685556164484559e-06,
    2.685556164484559e-06,
    2.685556164484559e-06,
    2.685556164484559e-06,
    2.685556164484559e-06,
    2.685556164484559e-06,
    2.685556164484559e-06,
    2.685556164484559e-06,
    2.685556164484559e-06,
    2.685556164484559e-06,
    5.371112328969119e-07,
    5.371112328969119e-07,
    5.371112328969119e-07,
    5.371112328969119e-07
  ],
  "epoch": [
    0,
    1,
    2,
    3,
    4,
    5,
    6,
    7,
    8,
    9,
    10,
    11,
    12,
    13,
    14,
    15,
    16,
    17,
    18,
    19,
    20,
    21,
    22,
    23,
    24,
    25,
    26
  ],
  "epoch_time": [
    1025.2180767059326,
    1081.269873380661,
    919.2294292449951,
    898.114652633667,
    892.1033627986908,
    872.4965577125549,
    872.0776028633118,
    880.8130271434784,
    867.3303399085999,
    884.7526333332062,
    878.167717218399,
    895.7136127948761,
    886.1624665260315,
    879.7915103435516,
    912.3190968036652,
    1007.7341058254242,
    979.1798069477081,
    960.0882370471954,
    967.0721890926361,
    936.0563721656799,
    1023.721755027771,
    940.277806520462,
    999.5544834136963,
    1113.0822911262512,
    953.5761775970459,
    1125.278251171112,
    1129.3609549999237
  ],
  "total_time": [
    1028.3512558937073,
    2110.621390104294,
    3030.785491466522,
    3929.0666847229004,
    4821.341232538223,
    5694.271394729614,
    6566.501383304596,
    7447.479166507721,
    8314.965087413788,
    9199.876040935516,
    10078.190919399261,
    10974.053943634033,
    11860.509814023972,
    12740.452991485596,
    13652.920677423477,
    14660.820995092392,
    15640.179799079895,
    16600.44326043129,
    17567.67420053482,
    18504.283517599106,
    19528.173303842545,
    20468.626371860504,
    21468.34076833725,
    22581.596378087997,
    23535.346281528473,
    24660.79244709015,
    25790.322991132736
  ]
}