{"train_loss": [4.922834361323153, 2.8606418428329614, 1.2598928058871066, 0.7079750688883443, 0.47212245774726136, 0.34385934167395765, 0.2675144064445465, 0.21792656606949937, 0.1831044445689113, 0.15830052060821947, 0.13985112416572845, 0.12521516280576064, 0.11450856300398184, 0.10559940416687214, 0.09801604077458001, 0.09246324926329116, 0.08791303234740187, 0.08347262261203303, 0.07949456654655666, 0.07615706397178836, 0.07450668719677499, 0.07167267581572928, 0.06855067219168615, 0.06650726355540866, 0.06552530991764495, 0.06382115669072436, 0.06172308413841473, 0.060770535645203086, 0.05936709444481915, 0.05792421222732852, 0.05700884593394808, 0.056165046799487583, 0.054393305011783924, 0.05348966184396523, 0.052487508801463696, 0.05282906789225511, 0.05142210690548626, 0.0502387892823821, 0.04922072079996712, 0.04868856682992591, 0.048435649664971395, 0.04760589959700934, 0.04749194718897343, 0.04639213842253525, 0.04537638567816526, 0.04603261486314737, 0.045042022699698474, 0.044853770438903054, 0.04336080985804335, 0.04314189416746172, 0.04299464711723046, 0.04319564769633662, 0.04368370170957935, 0.04245649431698238, 0.04182021632290686, 0.0412211600488748, 0.04197046962289955, 0.04058205504744007, 0.04004813314150697, 0.039761440569576555, 0.03954878272101902, 0.039335428198543604, 0.03957967943967151, 0.039210064705615985, 0.0381105400312442, 0.03892286924627452, 0.038088995055816234, 0.038491991976389105, 0.03160508807760458, 0.030840810290136085, 0.031133404974572766, 0.0308897862294183, 0.031299536619275904, 0.03101876552124469, 0.031051547531359875, 0.031076060831189727, 0.030620749468525377, 0.028065042329220156, 0.027741023663657542, 0.027320789649320866, 0.02724302339608582, 0.027507332695154145, 0.02754741223951498, 0.02745009347284659, 0.027105963527085112, 0.02593691463168627, 0.025823233586649733, 0.025944910378168567, 0.025732906088947106], "val_loss": [3.861242089448152, 1.690166848677176, 0.7869900522408662, 0.4904380608488012, 0.3347535933609362, 0.2510700276604405, 0.19846186003199331, 0.16803241002338903, 0.14234392245610555, 0.12465596265263028, 0.11166907071515365, 0.10171756907193749, 0.09472608320690967, 0.08971771821379662, 0.0843776317106353, 0.08165779731891773, 0.07771413500110308, 0.0758863909928887, 0.07447523731324408, 0.07237722345248417, 0.07034647227437407, 0.06873148770795928, 0.06649874655736818, 0.06598422756349599, 0.06474312027847326, 0.06487959575045991, 0.06353826186171284, 0.06342730609079202, 0.061075814192493756, 0.06199850618011422, 0.061748033030717464, 0.06204215154327728, 0.05877851185699304, 0.060634194769793086, 0.05956177465893604, 0.05871624447129391, 0.06019617330144953, 0.058648027079524816, 0.05752638982677901, 0.06016612553762065, 0.057449068129062655, 0.05785121513461625, 0.056787707146119186, 0.05689376269777616, 0.05633872936445254, 0.05565038304086085, 0.056691866864760715, 0.05609498724893287, 0.05571534745395183, 0.05467376478568271, 0.05600250905586614, 0.054428884566382126, 0.05510251414444711, 0.05534623588124911, 0.05428703032709934, 0.05475136803256141, 0.05487978336987672, 0.05435152814068176, 0.055659576960735854, 0.05337754407966579, 0.05763568962337794, 0.05447495219608148, 0.05471715249673084, 0.05350640642422217, 0.054083779950936633, 0.05508107284980791, 0.053656618545452756, 0.05456933504729359, 0.051457465219276924, 0.05275798903571235, 0.05257260490346838, 0.052562609494284346, 0.05331643407267553, 0.05179531163087597, 0.054563405143993875, 0.05428230885278296, 0.05361305621487123, 0.05216943701660191, 0.052922908437472806, 0.052531490668102546, 0.053212069037059946, 0.05315435027220735, 0.05333550546180319, 0.054187053717948776, 0.053595286856095, 0.05427936018893012, 0.05310309721087968, 0.05287312741770789, 0.05264168389969402], "learning_rate": [0.0002, 0.0002, 0.0002, 0.0002, 0.0002, 0.0002, 0.0002, 0.0002, 0.0002, 0.0002, 0.0002, 0.0002, 0.0002, 0.0002, 0.0002, 0.0002, 0.0002, 0.0002, 0.0002, 0.0002, 0.0002, 0.0002, 0.0002, 0.0002, 0.0002, 0.0002, 0.0002, 0.0002, 0.0002, 0.0002, 0.0002, 0.0002, 0.0002, 0.0002, 0.0002, 0.0002, 0.0002, 0.0002, 0.0002, 0.0002, 0.0002, 0.0002, 0.0002, 0.0002, 0.0002, 0.0002, 0.0002, 0.0002, 0.0002, 0.0002, 0.0002, 0.0002, 0.0002, 0.0002, 0.0002, 0.0002, 0.0002, 0.0002, 0.0002, 0.0002, 0.0002, 0.0002, 0.0002, 0.0002, 0.0002, 0.0002, 0.0002, 0.0002, 0.0001, 0.0001, 0.0001, 0.0001, 0.0001, 0.0001, 0.0001, 0.0001, 0.0001, 5e-05, 5e-05, 5e-05, 5e-05, 5e-05, 5e-05, 5e-05, 5e-05, 2.5e-05, 2.5e-05, 2.5e-05, 2.5e-05], "epoch": [0, 1, 2, 3, 4, 5, 6, 7, 8, 9, 10, 11, 12, 13, 14, 15, 16, 17, 18, 19, 20, 21, 22, 23, 24, 25, 26, 27, 28, 29, 30, 31, 32, 33, 34, 35, 36, 37, 38, 39, 40, 41, 42, 43, 44, 45, 46, 47, 48, 49, 50, 51, 52, 53, 54, 55, 56, 57, 58, 59, 60, 61, 62, 63, 64, 65, 66, 67, 68, 69, 70, 71, 72, 73, 74, 75, 76, 77, 78, 79, 80, 81, 82, 83, 84, 85, 86, 87, 88], "epoch_time": [600.5963525772095, 91.53138017654419, 85.34844875335693, 83.34856510162354, 83.20985198020935, 85.95747947692871, 83.82977080345154, 83.43213415145874, 83.45599889755249, 83.44932627677917, 83.54058146476746, 86.75798869132996, 87.71798658370972, 92.9590585231781, 92.18537497520447, 91.14148497581482, 90.3987762928009, 90.81738615036011, 82.29363465309143, 84.0804979801178, 85.13052368164062, 85.41134810447693, 83.56868839263916, 82.89400482177734, 82.67811918258667, 84.23672866821289, 82.31604242324829, 82.66157221794128, 84.26179647445679, 83.35087823867798, 84.4024498462677, 83.45355081558228, 84.04866886138916, 89.6896402835846, 89.62037801742554, 89.96690440177917, 90.09351897239685, 89.76323056221008, 89.41105818748474, 90.65027737617493, 90.16112470626831, 90.34154844284058, 92.56755113601685, 89.91315627098083, 92.88703298568726, 88.39704942703247, 85.17741227149963, 83.82734060287476, 83.69344449043274, 82.64700675010681, 82.82952070236206, 82.95332407951355, 83.72329258918762, 83.40861988067627, 83.34897518157959, 83.82182812690735, 83.0439293384552, 83.16494297981262, 83.47148752212524, 83.11143755912781, 83.01722502708435, 83.57852029800415, 83.71011328697205, 82.71436786651611, 82.9394690990448, 83.31923723220825, 82.81226444244385, 84.00452947616577, 84.07354784011841, 83.5302517414093, 84.9080753326416, 85.14668345451355, 82.83475422859192, 83.5165581703186, 84.02626729011536, 84.06766247749329, 83.46972393989563, 83.08550000190735, 83.17111873626709, 83.79616355895996, 83.55366039276123, 83.89524865150452, 83.19895529747009, 83.20385456085205, 83.19673895835876, 83.16473078727722, 82.90299820899963, 83.71038031578064, 82.95287704467773],